{"cameraMode":{"drawMode":0,"name":"Shaded","section":"Shading Mode"},"sceneLighting":false,"audioPlay":false,"sceneViewState":{"m_AlwaysRefresh":false,"showFog":true,"showSkybox":false,"showFlares":true,"showImageEffects":true,"showParticleSystems":true,"showVisualEffectGraphs":true,"m_FxEnabled":true},"in2DMode":false,"pivot":{"x":5.960464477539063e-8,"y":1.834841251373291,"z":0.4083225727081299},"rotation":{"x":-0.24667593836784364,"y":-0.021223943680524827,"z":0.005403795279562473,"w":-0.9688505530357361},"size":2.7649996280670168,"orthographic":false}